[
    {
        "type": "Cloud System",
        "system": "云后台",
        "modules": [
            {
                "module": "用户管理",
                "pages": [
                    {
                        "page": "账号管理",
                        "actions": ["查询", "修改", "重置密码"]
                    },
                    {
                        "page": "角色类别管理",
                        "actions": ["查询", "新增", "修改", "删除"]
                    },
                    {
                        "page": "角色管理",
                        "actions": ["查询", "新增", "修改", "删除"]
                    }
                ]
            },
            {
                "module": "门店管理",
                "pages": [
                    {
                        "page": "门店授权管理",
                        "actions": ["新增", "修改"]
                    },
                    {
                        "page": "门店授权记录",
                        "actions": []
                    }
                ]
            },
            {
                "module": "曲库管理",
                "pages": [
                    {
                        "page": "歌星管理",
                        "actions": ["新增", "修改", "导入删除", "批量删除", "修改歌星图片"]
                    },
                    {
                        "page": "歌曲管理",
                        "actions": ["新增", "修改", "导入删除", "批量删除"]
                    },
                    {
                        "page": "MID资料管理",
                        "actions": ["新增", "修改", "批量删除"]
                    },
                    {
                        "page": "动态壁纸管理",
                        "actions": ["新增", "修改", "批量删除"]
                    },
                    {
                        "page": "派对舞曲管理",
                        "actions": ["新增", "修改", "批量删除"]
                    },
                    {
                        "page": "公播管理",
                        "actions": ["新增", "修改", "批量删除"]
                    },
                    {
                        "page": "跳舞视频管理",
                        "actions": ["新增", "修改", "批量删除"]
                    },
                    {
                        "page": "禁歌管理",
                        "actions": ["新增", "修改", "批量删除", "导入", "导出"]
                    },
                    {
                        "page": "类型管理",
                        "actions": ["新增", "修改", "删除"]
                    },
                    {
                        "page": "新歌管理",
                        "actions": []
                    }
                ]
            },
            {
                "module": "广告管理",
                "pages": [
                    {
                        "page": "实时广告",
                        "actions": ["查询", "导出"]
                    },
                    {
                        "page": "总部模板应用",
                        "actions": ["查询", "新增", "编辑", "删除"]
                    },
                    {
                        "page": "门店模板应用",
                        "actions": ["查询", "新增", "编辑", "删除", "审核通过", "审核驳回"]
                    },
                    {
                        "page": "总部模板",
                        "actions": ["查询", "新增", "编辑", "删除"]
                    },
                    {
                        "page": "门店模板",
                        "actions": ["查询", "新增", "编辑", "删除"]
                    },
                    {
                        "page": "图库管理",
                        "actions": ["查询", "上传", "删除"]
                    },
                    {
                        "page": "图库类型管理",
                        "actions": ["查询", "新增", "编辑", "删除"]
                    }
                ]
            },
            {
                "module": "排行管理",
                "pages": [
                    {
                        "page": "歌曲排行",
                        "actions": ["查询", "导出", "置顶"]
                    },
                    {
                        "page": "歌曲置顶列表",
                        "actions": ["上移下移", "取消置顶"]
                    },
                    {
                        "page": "歌星排行",
                        "actions": ["查询", "导出", "置顶"]
                    },
                    {
                        "page": "歌星置顶列表",
                        "actions": ["上移下移", "取消置顶"]
                    }
                ]
            },
            {
                "module": "下载管理",
                "pages": [
                    {
                        "page": "批次管理",
                        "actions": ["生成批次", "删除", "门店同步"]
                    },
                    {
                        "page": "批次下载记录",
                        "actions": []
                    }
                ]
            },
            {
                "module": "操作日志",
                "pages": [
                    {
                        "page": "操作日志",
                        "actions": []
                    }
                ]
            }
        ]
    }
]
