{
    "linterOptions": {
        "exclude": [
            "node_modules/**"
        ]
    },
    "rules": {
        "arrow-return-shorthand": true, //箭头函数简化
        "callable-types": true, //一个接口可调用，需要声明为 Function 类型
        "class-name": true, // 类采用 PascalCase 命名法，大驼峰命名法
        "curly": true, // 任何情况下，if / for / do / while 后必须通过 {} 包裹代码块
        "comment-format": [ // 强制单行注释格式：'//' 后必跟空格
            true,
            "check-space"
        ],
        "deprecation": { // 使用 @deprecated 声明废弃的 API给予警告，(应该升级或删除)
            "severity": "warn"
        },
        "quotemark": [ //字符串使用单引号
            true,
            "single"
        ],
        "semicolon": [ //行尾需要分号
            true,
            "always"
        ],
        "eofline": false, // 文件必须用新的行结束
        "import-spacing": true, // import { ModuleName } 确保 ModuleName 两端留有空格
        "indent": [ //采用空格作为缩进单位
            true,
            "spaces"
        ],
        "interface-over-type-literal": true, // 声明 interface 接口，代替 type 关键字声明类型
        "max-classes-per-file": [ // 一个文件最多定义一个 class，保证单一职责
            true,
            1
        ],
        "member-access": false, //要求类成员修饰符
        "member-ordering": [
            true,
            {
                "order": [
                    "static-field",
                    "instance-field",
                    "static-method",
                    "instance-method"
                ]
            }
        ],
        "no-arg": true, // 不允许使用 arguments.callee
        "no-construct": true, // 不许用 new Number() String Boolean 等基础类型的构造函数
        "no-duplicate-super": true, // 不允许两次调用 super 函数
        "no-empty": false, // 不许有空代码块 {}
        "no-empty-interface": false, // 不许有空接口
        "no-eval": true, // 不许用 eval 函数
        "no-inferrable-types": [ // 声明立即被赋值的基础类型不需要声明变量类型，let state: boolean = false 删除类型声明
            true,
            "ignore-params"
        ],
        "no-misused-new": true, // 不要为 interface 定义 constructor 函数
        "no-non-null-assertion": true,
        "no-shadowed-variable": true, // 不允许子作用域与外层作用域声明同名变量，
        "no-switch-case-fall-through": true, // 不允许使用 fall through，两个 switch case 之间没有 break 做分割
        "no-use-before-declare": true, // 禁止声明前使用变量，针对 var 变量提升问题
        "no-var-keyword": true, // 不许使用 var 声明变量
        // "triple-equals": [true, "allow-null-check"],
        // "no-input-rename": true, // 禁止输入属性重命名
        "await-promise": true, // await后面必须是promise
        // "interface-name": true, // 接口前面要用I前缀
        // "newline-before-return": true,
        "no-duplicate-imports": true,
        "no-invalid-template-strings": true,
        "object-literal-shorthand": true
    }
}