[
    {
        "link": "/user",
        "title": "用户管理",
        "permission": "用户管理",
        "icon": "user",
        "children": [
            {
                "link": "/user/account",
                "title": "账号管理",
                "permission": "用户管理>账号管理"
            },
            {
                "link": "/user/roles",
                "title": "角色管理",
                "permission": "用户管理>角色管理"
            },
            {
                "link": "/user/roleclassify",
                "title": "角色分类管理",
                "permission": "用户管理>角色类别管理"
            }
        ]
    },
    {
        "link": "/branch",
        "title": "门店管理",
        "permission": "门店管理",
        "icon": "branch",
        "children": [
            {
                "link": "/branch/authorizes",
                "title": "门店授权管理",
                "permission": "门店管理>门店授权管理"
            },
            {
                "link": "/branch/history",
                "title": "门店授权记录",
                "permission": "门店管理>门店授权记录"
            }
        ]
    },
    {
        "link": "/songlibrary",
        "title": "曲库管理",
        "permission": "曲库管理",
        "icon": "song",
        "children": [
            {
                "link": "/songlibrary/tags",
                "title": "标签管理",
                "permission": "曲库管理>类型管理"
            },
            {
                "link": "/songlibrary/songs",
                "title": "歌曲管理",
                "permission": "曲库管理>歌曲管理"
            },
            {
                "link": "/songlibrary/singers",
                "title": "歌星管理",
                "permission": "曲库管理>歌星管理"
            },
            {
                "link": "/songlibrary/newsongs",
                "title": "新歌列表",
                "permission": "曲库管理>新歌列表"
            },
            {
                "link": "/songlibrary/wallpaper",
                "title": "动态壁纸管理",
                "permission": "曲库管理>动态壁纸管理"
            },
            {
                "link": "/songlibrary/partymusic",
                "title": "派对舞曲管理",
                "permission": "曲库管理>派对舞曲管理"
            },
            {
                "link": "/songlibrary/broadcast",
                "title": "公播管理",
                "permission": "曲库管理>公播管理"
            },
            {
                "link": "/songlibrary/mid",
                "title": "MID资料管理",
                "permission": "曲库管理>MID资料管理"
            },
            {
                "link": "/songlibrary/bannedsongs",
                "title": "禁歌管理",
                "permission": "曲库管理>禁歌管理"
            },
            {
                "link": "/songlibrary/actvideos",
                "title": "跳舞视频",
                "permission": "曲库管理>跳舞视频管理"
            }
        ]
    },
    {
        "link": "/ad",
        "title": "广告管理",
        "permission": "广告管理",
        "icon": "ad",
        "children": [
            {
                "link": "/ad/realtimes",
                "title": "实时广告",
                "permission": "广告管理>实时广告"
            },
            {
                "link": "/ad/imagetypes",
                "title": "图库类型管理",
                "permission": "广告管理>图库类型管理"
            },
            {
                "link": "/ad/images",
                "title": "图库管理",
                "permission": "广告管理>图库管理"
            },
            {
                "link": "/ad/template/center",
                "group": "模板管理",
                "title": "总部模板",
                "permission": "广告管理>总部模板"
            },
            {
                "link": "/ad/template/branch",
                "group": "模板管理",
                "title": "门店模板",
                "permission": "广告管理>门店模板"
            },
            {
                "link": "/ad/apply/center",
                "group": "模板应用",
                "title": "总部模板应用",
                "permission": "广告管理>总部模板应用"
            },
            {
                "link": "/ad/apply/branch",
                "group": "模板应用",
                "title": "门店模板应用",
                "permission": "广告管理>门店模板应用"
            }
        ]
    },
    {
        "link": "/ranking",
        "title": "排行管理",
        "permission": "排行管理",
        "icon": "ranking",
        "children": [
            {
                "link": "/ranking/song",
                "title": "歌曲排行",
                "permission": "排行管理>歌曲排行"
            },
            {
                "link": "/ranking/songtop",
                "title": "歌曲置顶列表",
                "permission": "排行管理>歌曲置顶列表"
            },
            {
                "link": "/ranking/singer",
                "title": "歌星排行",
                "permission": "排行管理>歌星排行"
            },
            {
                "link": "/ranking/singertop",
                "title": "歌星置顶列表",
                "permission": "排行管理>歌星置顶列表"
            }
        ]
    },
    {
        "link": "/download",
        "title": "下载管理",
        "permission": "下载管理",
        "icon": "download",
        "children": [
            {
                "link": "/download/versions",
                "title": "生成批次",
                "permission": "下载管理>批次管理"
            },
            {
                "link": "/download/records",
                "title": "批次下载记录",
                "permission": "下载管理>批次下载记录"
            }
        ]
    },
    {
        "link": "/operatelog/log",
        "title": "操作日志",
        "permission": "操作日志",
        "icon": "log"
    }
]